Cycle_Time,Area,Dynamic_Power,Leakage_Power,Total_Power,Latency,Performance,,,,,,,,
35,30203.5354,252.0972,25.7624,277.8596,1000,293731.98,,,,,,,,
34.9,30212.0224,252.849,25.7735,278.6225,1000,293779.45,,,,,,,,
34.8,30212.0224,253.5756,25.7735,279.3491,1000,293701.6,,,,,,,,
34.7,30212.0224,254.3064,25.7735,280.0799,1000,293623.77,,,,,,,,
34.6,30212.0224,255.0414,25.7735,280.8149,1000,293545.92,,,,,,,,
34.5,30212.0224,255.7806,25.7735,281.5541,1000,293468,,,,,,,,
34.4,30212.0224,256.5242,25.7735,282.2977,1000,293390.18,,,,,,,,
34.3,30212.0224,257.2722,25.7735,283.0457,1000,293312.44,,,,,,,,
34.2,30222.2068,257.9585,25.7879,283.7464,1000,293280.13,,,,,,,,
34.1,30222.2068,258.715,25.7879,284.5029,1000,293202.22,,,,,,,,
34,30222.2068,259.4759,25.7879,285.2638,1000,293124.25,,,,,,,,
33.9,30222.2068,260.2413,25.787,286.0283,1000,293045.38,,,,,,,,
33.8,30222.2068,261.0112,25.787,286.7982,1000,292967.4,,,,,,,,
33.7,30222.2068,261.7857,25.787,287.5727,1000,292889.45,,,,,,,,
33.6,30222.2068,262.5649,25.7879,288.3528,1000,292812.51,,,,,,,,
33.5,30222.2068,263.3487,25.7879,289.1366,1000,292734.59,,,,,,,,
33.4,30222.2068,264.1371,25.7879,289.925,1000,292656.59,,,,,,,,
33.3,30222.2068,264.9303,25.7879,290.7182,1000,292578.65,,,,,,,,
33.2,30222.2068,265.7283,25.7879,291.5162,1000,292500.73,,,,,,,,
33.1,30222.2068,266.5311,25.7879,292.319,1000,292422.79,,,,,,,,
33,30222.2068,267.3388,25.7879,293.1267,1000,292344.88,,,,,,,,
32.9,30222.2068,268.1513,25.7879,293.9392,1000,292266.86,,,,,,,,
32.8,30222.2068,268.9689,25.7879,294.7568,1000,292188.99,,,,,,,,
32.7,30232.3912,269.7424,25.7153,295.4577,1000,292089.24,,,,,,,,
32.6,30232.3912,270.5699,25.7153,296.2852,1000,292011.57,,,,,,,,
32.5,30232.3912,271.4024,25.7153,297.1177,1000,291933.8,,,,,,,,
32.4,30232.3912,272.24,25.7153,297.9553,1000,291856,,,,,,,,
32.3,30232.3912,273.0828,25.7153,298.7981,1000,291778.21,,,,,,,,
32.2,30232.3912,273.9309,25.7153,299.6462,1000,291700.48,,,,,,,,
32.1,30232.3912,274.7844,25.7153,300.4997,1000,291622.87,,,,,,,,
32,30232.3912,275.643,25.7153,301.3583,1000,291545.02,,,,,,,,
31.9,30232.3912,276.5071,25.7153,302.2224,1000,291467.3,,,,,,,,
31.8,30232.3912,277.3766,25.7153,303.0919,1000,291389.53,,,,,,,,
31.7,30232.3912,278.2516,25.7153,303.9669,1000,291311.79,,,,,,,,
31.6,30232.3912,279.1322,25.7153,304.8475,1000,291234.1,,,,,,,,
31.5,30232.3912,280.0183,25.7153,305.7336,1000,291156.32,,,,,,,,
31.4,30245.97039,280.8504,25.7223,306.5727,1000,291159.29,,,,,,,,
31.3,30245.97039,281.7477,25.7223,307.47,1000,291081.5,,,,,,,,
31.2,30245.97039,282.6507,25.7223,308.373,1000,291003.67,,,,,,,,
31.1,30245.97039,283.5595,25.7223,309.2818,1000,290925.83,,,,,,,,
31,30245.97039,284.5205,25.725,310.2455,1000,290893.96,,,,,,,,
30.9,30245.97039,285.4413,25.725,311.1663,1000,290816.17,,,,,,,,
30.8,30245.97039,286.368,25.725,312.093,1000,290738.31,,,,,,,,
30.7,30245.97039,287.3008,25.725,313.0258,1000,290660.51,,,,,,,,
30.6,30245.97039,288.2394,25.725,313.9644,1000,290582.43,,,,,,,,
30.5,30245.97039,289.3292,25.733,315.0622,1000,290645.54,,,,,,,,
30.4,30245.97039,290.2734,25.733,316.0064,1000,290560.77,,,,,,,,
30.3,30245.97039,291.2314,25.733,316.9644,1000,290482.94,,,,,,,,
30.2,30245.97039,292.1957,25.733,317.9287,1000,290405.07,,,,,,,,
30.1,30245.97039,293.2094,25.7378,318.9472,1000,290370.71,,,,,,,,
30,30245.97039,294.1868,25.7378,319.9246,1000,290292.9,,,,,,,,
29.9,30245.97039,295.1707,25.7378,320.9085,1000,290215.05,,,,,,,,
29.8,30242.57559,295.9835,25.6981,321.6816,1000,289908.71,,,,,,,,
29.7,30242.57559,296.9801,25.6981,322.6782,1000,289831.01,,,,,,,,
29.6,30242.57559,297.9834,25.6981,323.6815,1000,289753.28,,,,,,,,
29.5,30242.57559,298.9935,25.6981,324.6916,1000,289675.55,,,,,,,,
29.4,30242.57559,300.0105,25.6981,325.7086,1000,289597.85,,,,,,,,
29.3,30242.57559,301.0786,25.7029,326.7815,1000,289563.53,,,,,,,,
29.2,30242.57559,302.1096,25.7029,327.8125,1000,289485.71,,,,,,,,
29.1,30242.57559,303.1478,25.7029,328.8507,1000,289408,,,,,,,,
29,30242.57559,304.1931,25.7029,329.896,1000,289330.24,,,,,,,,
28.9,30242.57559,305.2457,25.7042,330.9499,1000,289253.67,,,,,,,,
28.8,30242.57559,306.3037,25.7042,332.0079,1000,289174.29,,,,,,,,
28.7,30242.57559,307.371,25.7042,333.0752,1000,289096.59,,,,,,,,
28.6,30242.57559,308.4457,25.7042,334.1499,1000,289018.83,,,,,,,,
28.5,30259.54959,309.4798,25.7048,335.1846,1000,289062.25,,,,,,,,
28.4,30259.54959,310.5695,25.7048,336.2743,1000,288984.45,,,,,,,,
28.3,30259.54959,311.667,25.7048,337.3718,1000,288906.74,,,,,,,,
28.2,30259.54959,312.7738,25.7062,338.48,1000,288831.52,,,,,,,,
28.1,30259.54959,313.8868,25.7062,339.593,1000,288753.67,,,,,,,,
28,30259.54959,315.0062,25.7062,340.7124,1000,288674.51,,,,,,,,
27.9,30262.94439,316.1467,25.707,341.8537,1000,288639.44,,,,,,,,
27.8,30262.94439,317.2839,25.707,342.9909,1000,288561.62,,,,,,,,
27.7,30262.94439,318.4293,25.707,344.1363,1000,288483.8,,,,,,,,
27.6,30259.54959,319.5847,25.7155,345.3002,1000,288382.15,,,,,,,,
27.5,30262.94439,320.7448,25.7084,346.4532,1000,288329.08,,,,,,,,
27.4,30262.94439,321.9326,25.7177,347.6503,1000,288273.25,,,,,,,,
27.3,30266.33919,323.0873,25.7068,348.7941,1000,288198.47,,,,,,,,
27.2,30266.33919,324.2751,25.7068,349.9819,1000,288120.65,,,,,,,,
27.1,30266.33919,325.4696,25.7068,351.1764,1000,288041.13,,,,,,,,
27,30269.73398,326.5884,25.6604,352.2488,1000,287886.89,,,,,,,,
26.9,30269.73398,327.8025,25.6604,353.4629,1000,287809.23,,,,,,,,
26.8,30269.73398,329.0256,25.6604,354.686,1000,287731.52,,,,,,,,
26.7,30269.73398,330.2579,25.6604,355.9183,1000,287653.85,,,,,,,,
26.6,30269.73398,331.4981,25.6604,357.1585,1000,287575.07,,,,,,,,
26.5,30269.73398,332.7682,25.6599,358.4281,1000,287512.37,,,,,,,,
26.4,30269.73398,334.0287,25.6599,359.6886,1000,287434.71,,,,,,,,
26.3,30273.12879,335.2968,25.6604,360.9572,1000,287388.09,,,,,,,,
26.2,30273.12879,336.5765,25.6626,362.2391,1000,287312.11,,,,,,,,
26.1,30276.52359,337.8893,25.6634,363.5527,1000,287285.62,,,,,,,,
26,30276.52359,339.1906,25.6661,364.8567,1000,287211.4,,,,,,,,
25.9,30276.52359,340.5002,25.6661,366.1663,1000,287133.68,,,,,,,,
25.8,30276.52359,341.8199,25.6661,367.486,1000,287055.92,,,,,,,,
25.7,30268.03658,342.9204,25.6786,368.599,1000,286728.94,,,,,,,,
25.6,30283.31318,344.3433,25.6853,370.0286,1000,286865.71,,,,,,,,
25.5,30286.70798,345.7579,25.6912,371.4491,1000,286874.25,,,,,,,,
25.4,30283.31318,347.0754,25.6847,372.7601,1000,286725.64,,,,,,,,
25.3,30279.91838,348.3996,25.6919,374.0915,1000,286584.74,,,,,,,,
25.2,30279.91838,349.7822,25.6919,375.4741,1000,286506.99,,,,,,,,
25.1,30283.31318,351.2392,25.6965,376.9357,1000,286513.03,,,,,,,,
25,30283.31318,352.6441,25.6965,378.3406,1000,286435.17,,,,,,,,
24.9,30283.31318,354.0604,25.6965,379.7569,1000,286357.4,,,,,,,,
24.8,30283.31318,355.4879,25.6978,381.1857,1000,286280.44,,,,,,,,
24.7,30279.91838,356.8916,25.6958,382.5874,1000,286142.47,,,,,,,,
24.6,30283.31318,358.3616,25.698,384.0596,1000,286112.69,,,,,,,,
24.5,30283.31318,359.8243,25.698,385.5223,1000,286034.87,,,,,,,,
24.4,30283.31318,361.2991,25.6966,386.9957,1000,285956.09,,,,,,,,
24.3,30283.31318,362.7859,25.698,388.4839,1000,285879.28,,,,,,,,
24.2,30283.31318,364.3349,25.699,390.0339,1000,285838.75,,,,,,,,
24.1,30296.89238,365.7624,25.6349,391.3973,1000,285780.74,,,,,,,,
24,30296.89238,367.2864,25.6349,392.9213,1000,285703.06,,,,,,,,
23.9,30296.89238,368.8385,25.6366,394.4751,1000,285637.73,,,,,,,,
23.8,30296.89238,370.3883,25.6366,396.0249,1000,285560.11,,,,,,,,
23.7,30300.28718,371.9405,25.6347,397.5752,1000,285505.43,,,,,,,,
23.6,30300.28718,373.549,25.6371,399.1861,1000,285452.7,,,,,,,,
23.5,30300.28718,375.1546,25.6388,400.7934,1000,285387.65,,,,,,,,
23.4,30300.28718,376.7578,25.6388,402.3966,1000,285309.94,,,,,,,,
23.3,30300.28718,378.3748,25.6388,404.0136,1000,285232.26,,,,,,,,
23.2,30303.68198,380.0561,25.6417,405.6978,1000,285223.98,,,,,,,,
23.1,30303.68198,381.7014,25.6417,407.3431,1000,285146.3,,,,,,,,
23,30303.68198,383.3773,25.6433,409.0206,1000,285081.09,,,,,,,,
22.9,30303.68198,385.0515,25.6433,410.6948,1000,285003.43,,,,,,,,
22.8,30303.68198,386.7402,25.6433,412.3835,1000,284925.64,,,,,,,,
22.7,30303.68198,388.4444,25.6433,414.0877,1000,284848.27,,,,,,,,
22.6,30303.68198,390.2144,25.6446,415.859,1000,284806.53,,,,,,,,
22.5,30307.07679,391.9434,25.6479,417.5913,1000,284759.36,,,,,,,,
22.4,30307.07679,393.6932,25.6479,419.3411,1000,284681.67,,,,,,,,
22.3,30307.07679,395.4655,25.6487,421.1142,1000,284609.11,,,,,,,,
22.2,30307.07679,397.2627,25.6503,422.913,1000,284543.1,,,,,,,,
22.1,30310.47159,399.1054,25.6533,424.7587,1000,284529.47,,,,,,,,
22,30301.98459,400.916,25.6454,426.5614,1000,284364.45,,,,,,,,
21.9,30339.32739,403.0056,25.6819,428.6875,1000,284833.38,,,,,,,,
21.8,30339.32739,404.9332,25.6904,430.6236,1000,284813.3,,,,,,,,
21.7,30339.32739,406.8405,25.6944,432.5349,1000,284765.15,,,,,,,,
21.6,30339.32739,408.7726,25.6977,434.4703,1000,284721.19,,,,,,,,
21.5,30339.32739,410.7705,25.7029,436.4734,1000,284709.65,,,,,,,,
21.4,30342.72219,412.6133,25.699,438.3123,1000,284611.19,,,,,,,,
21.3,30383.45979,414.6058,25.7319,440.3377,1000,284972.33,,,,,,,,
21.2,30380.06499,416.4129,25.7377,442.1506,1000,284770.36,,,,,,,,
21.1,30380.06499,418.3864,25.7377,444.1241,1000,284692.15,,,,,,,,
21,30380.06499,420.4305,25.7417,446.1722,1000,284649.55,,,,,,,,
20.9,30380.06499,422.3494,25.732,448.0814,1000,284506.31,,,,,,,,
20.8,30442.86878,425.0314,25.7768,450.8082,1000,285457.01,,,,,,,,
20.7,30408.92079,426.6598,25.7168,452.3766,1000,284755.08,,,,,,,,
20.6,30400.43379,428.6826,25.7057,454.3883,1000,284560.19,,,,,,,,
20.5,30400.43379,430.844,25.7097,456.5537,1000,284528.33,,,,,,,,
20.4,30400.43379,433.1007,25.7192,458.8199,1000,284545.81,,,,,,,,
20.3,30422.49999,435.1546,25.719,460.8736,1000,284624.82,,,,,,,,
20.2,30419.10519,437.4603,25.7566,463.2169,1000,284631,,,,,,,,
20.1,30441.17139,439.2701,25.7496,465.0197,1000,284530.46,,,,,,,,
20,30441.17139,441.505,25.7506,467.2556,1000,284476.16,,,,,,,,
19.9,30449.65839,443.793,25.7606,469.5536,1000,284525.16,,,,,,,,
19.8,30449.65839,446.0912,25.7654,471.8566,1000,284483.87,,,,,,,,
19.7,30451.35579,448.5888,25.7801,474.3689,1000,284569.97,,,,,,,,
19.6,30461.54018,451.0276,25.7917,476.8193,1000,284683.15,,,,,,,,
19.5,30476.81679,453.3196,25.7397,479.0593,1000,284703.95,,,,,,,,
19.4,30493.79079,455.782,25.7623,481.5443,1000,284871.76,,,,,,,,
19.3,30480.21159,458.0483,25.741,483.7893,1000,284597.8,,,,,,,,
19.2,30503.97519,460.3986,25.7651,486.1637,1000,284734.57,,,,,,,,
19.1,30507.36999,462.9992,25.7724,488.7716,1000,284802.7,,,,,,,,
19,30507.36999,465.4628,25.7713,491.2341,1000,284738.95,,,,,,,,
18.9,30490.39598,467.519,25.6928,493.2118,1000,284222.42,,,,,,,,
18.8,30520.94918,470.4987,25.7383,496.237,1000,284737.74,,,,,,,,
18.7,30510.76478,473.0046,25.735,498.7396,1000,284556.53,,,,,,,,
18.6,30493.79078,475.3037,25.7151,501.0188,1000,284170.1,,,,,,,,
18.5,30500.58038,478.0151,25.739,503.7541,1000,284248.66,,,,,,,,
18.4,30531.13358,480.8152,25.7554,506.5706,1000,284577.61,,,,,,,,
18.3,30527.73878,483.3401,25.7023,509.0424,1000,284380.42,,,,,,,,
18.2,30534.52838,485.9936,25.7123,511.7059,1000,284369.51,,,,,,,,
18.1,30534.52838,488.6743,25.7125,514.3868,1000,284288.71,,,,,,,,
18,30541.31798,491.5128,25.7138,517.2266,1000,284342.08,,,,,,,,
17.9,30612.60877,495.0063,25.7441,520.7504,1000,285353.36,,,,,,,,
17.8,30599.02957,497.6951,25.7555,523.4506,1000,285104.03,,,,,,,,
17.7,30546.41018,499.4155,25.6987,525.1142,1000,283914.26,,,,,,,,
17.6,30546.41018,502.2884,25.7099,527.9983,1000,283860.77,,,,,,,,
17.5,30575.26598,504.4254,25.7467,530.1721,1000,283677.68,,,,,,,,
17.4,30554.89718,508.1567,25.728,533.8847,1000,283842.58,,,,,,,,
17.3,30548.10758,510.9172,25.7138,536.631,1000,283599.96,,,,,,,,
17.2,30548.10758,513.9828,25.7183,539.7011,1000,283573.77,,,,,,,,
17.1,30616.00357,517.3828,25.7309,543.1137,1000,284338.3,,,,,,,,
17,30627.88538,521.4427,25.7591,547.2018,1000,284913.78,,,,,,,,
16.9,30644.85937,523.9749,25.746,549.7209,1000,284699.42,,,,,,,,
16.8,30719.54497,528.5706,25.8365,554.4071,1000,286123.05,,,,,,,,
16.7,30602.42438,529.7994,25.7578,555.5572,1000,283923.33,,,,,,,,
16.6,30626.18798,533.2882,25.7803,559.0685,1000,284227.47,,,,,,,,
16.5,30605.81918,535.7955,25.6798,561.4753,1000,283542.79,,,,,,,,
16.4,30616.00358,539.1752,25.7067,564.8819,1000,283628.59,,,,,,,,
16.3,30668.62297,543.324,25.7215,569.0455,1000,284465.02,,,,,,,,
16.2,30714.45277,547.2592,25.7713,573.0305,1000,285125.16,,,,,,,,
16.1,30733.12417,550.5378,25.7804,576.3182,1000,285164.15,,,,,,,,
16,30709.36056,554.0626,25.7375,579.8001,1000,284884.65,,,,,,,,
15.9,30634.67498,556.034,25.7314,581.7654,1000,283372.8837,,15.9,30634.67498,556.034,25.7314,581.7654,1000,283372.8837
15.8,30668.62297,560.5544,25.8145,586.3689,1000,284133.4021,,15.8,30668.62297,560.5544,25.8145,586.3689,1000,284133.4021
15.7,30678.80738,563.5443,25.8057,589.35,1000,283864.7155,,15.7,30678.80738,563.5443,25.8057,589.35,1000,283864.7155
15.6,30745.00597,568.4827,25.8522,594.3349,1000,285056.1488,,15.6,30745.00597,568.4827,25.8522,594.3349,1000,285056.1488
15.5,30745.00598,572.562,25.8255,598.3875,1000,285160.1226,,15.5,30745.00598,572.562,25.8255,598.3875,1000,285160.1226
15.4,30711.05797,575.3309,25.7851,601.116,1000,284297.9882,,15.4,30711.05797,575.3309,25.7851,601.116,1000,284297.9882
15.3,30705.96577,578.3667,25.7201,604.0868,1000,283800.7497,,15.3,30705.96577,578.3667,25.7201,604.0868,1000,283800.7497
15.2,30722.93977,582.755,25.747,608.502,1000,284163.5485,,15.2,30722.93977,582.755,25.747,608.502,1000,284163.5485
15.1,30792.53317,587.1547,25.7814,612.9361,1000,284995.2134,,15.1,30792.53317,587.1547,25.7814,612.9361,1000,284995.2134
15,30716.15017,590.3537,25.7766,616.1303,1000,283877.2623,,15,30716.15017,590.3537,25.7766,616.1303,1000,283877.2623
14.9,30768.76957,594.8024,25.8125,620.6149,1000,284523.797,,14.9,30768.76957,594.8024,25.8125,620.6149,1000,284523.797
14.8,30772.16437,598.5264,25.8019,624.3283,1000,284336.6094,,14.8,30772.16437,598.5264,25.8019,624.3283,1000,284336.6094
14.7,30746.70338,602.0868,25.7993,627.8861,1000,283789.7868,,14.7,30746.70338,602.0868,25.7993,627.8861,1000,283789.7868
14.6,30763.67738,605.3594,25.8263,631.1857,1000,283496.8613,,14.6,30763.67738,605.3594,25.8263,631.1857,1000,283496.8613
14.5,30834.96818,612.0948,25.9037,637.9985,1000,285253.62,,14.5,30834.96818,612.0948,25.9037,637.9985,1000,285253.62
14.4,30811.20457,615.4393,25.902,641.3413,1000,284551.1711,,14.4,30811.20457,615.4393,25.902,641.3413,1000,284551.1711
14.3,30834.96817,620.0165,25.9497,645.9662,1000,284832.3652,,14.3,30834.96817,620.0165,25.9497,645.9662,1000,284832.3652
14.2,30870.61357,624.4896,25.9355,650.4251,1000,285122.1113,,14.2,30870.61357,624.4896,25.9355,650.4251,1000,285122.1113
14.1,30867.21877,628.6364,25.8845,654.5209,1000,284865.6813,,14.1,30867.21877,628.6364,25.8845,654.5209,1000,284865.6813
14,30914.74598,632.4526,25.9235,658.3761,1000,284949.4185,,14,30914.74598,632.4526,25.9235,658.3761,1000,284949.4185
13.9,30887.58757,637.1543,25.9177,663.072,1000,284681.6531,,13.9,30887.58757,637.1543,25.9177,663.072,1000,284681.6531
13.8,30880.79802,642.6998,25.936,668.6358,1000,284942.4979,,13.8,30880.79802,642.6998,25.936,668.6358,1000,284942.4979
13.7,30977.54978,649.0364,26.0445,675.0809,1000,286499.2249,,13.7,30977.54978,649.0364,26.0445,675.0809,1000,286499.2249
13.6,30931.72003,652.5494,26.0476,678.597,1000,285466.3449,,13.6,30931.72003,652.5494,26.0476,678.597,1000,285466.3449
13.5,31586.91629,666.3513,26.7371,693.0884,1000,295549.0912,,13.5,31586.91629,666.3513,26.7371,693.0884,1000,295549.0912
13.4,31121.82877,661.2953,26.1248,687.4201,1000,286676.5266,,13.4,31121.82877,661.2953,26.1248,687.4201,1000,286676.5266
13.3,31082.78857,666.9673,26.1358,693.1031,1000,286529.5756,,13.3,31082.78857,666.9673,26.1358,693.1031,1000,286529.5756
13.2,31086.18337,672.3353,26.1134,698.4487,1000,286599.7775,,13.2,31086.18337,672.3353,26.1134,698.4487,1000,286599.7775
13.1,31126.92096,677.0101,26.1451,703.1552,1000,286720.438,,13.1,31126.92096,677.0101,26.1451,703.1552,1000,286720.438
13,31240.64676,683.6089,26.2457,709.8546,1000,288292.1185,,13,31240.64676,683.6089,26.2457,709.8546,1000,288292.1185
12.9,31288.17395,689.1091,26.3474,715.4565,1000,288770.7238,,12.9,31288.17395,689.1091,26.3474,715.4565,1000,288770.7238
12.8,31218.58056,693.5848,26.2443,719.8291,1000,287642.1472,,12.8,31218.58056,693.5848,26.2443,719.8291,1000,287642.1472
12.7,31228.76495,702.9615,26.1965,729.158,1000,289187.9382,,12.7,31228.76495,702.9615,26.1965,729.158,1000,289187.9382
12.6,31218.58056,705.5999,26.2274,731.8273,1000,287867.28,,12.6,31218.58056,705.5999,26.2274,731.8273,1000,287867.28
12.5,31344.18816,712.4447,26.3708,738.8155,1000,289469.6506,,12.5,31344.18816,712.4447,26.3708,738.8155,1000,289469.6506
12.4,31743.07717,720.2731,26.53,746.8031,1000,293952.2726,,12.4,31743.07717,720.2731,26.53,746.8031,1000,293952.2726
12.3,31792.30175,726.0837,26.5614,752.6451,1000,294318.3376,,12.3,31792.30175,726.0837,26.5614,752.6451,1000,294318.3376
12.2,31787.20955,739.9934,26.4878,766.4812,1000,297244.4419,,12.2,31787.20955,739.9934,26.4878,766.4812,1000,297244.4419
12.1,31736.2876,737.6381,26.5199,764.158,1000,293443.6106,,12.1,31736.2876,737.6381,26.5199,764.158,1000,293443.6106
12,31804.18357,742.6749,26.5574,769.2323,1000,293577.6633,,12,31804.18357,742.6749,26.5574,769.2323,1000,293577.6633
11.9,31943.37035,748.9962,27.1095,776.1057,1000,295018.0384,,11.9,31943.37035,748.9962,27.1095,776.1057,1000,295018.0384
11.8,32021.45074,756.4258,27.1851,783.6109,1000,296089.8224,,11.8,32021.45074,756.4258,27.1851,783.6109,1000,296089.8224
11.7,31868.68481,762.057,26.7494,788.8064,1000,294117.2037,,11.7,31868.68481,762.057,26.7494,788.8064,1000,294117.2037
11.6,32018.05592,770.8424,27.267,798.1094,1000,296425.3723,,11.6,32018.05592,770.8424,27.267,798.1094,1000,296425.3723
11.5,32367.7203,780.5752,27.3156,807.8908,1000,300720.2096,,11.5,32367.7203,780.5752,27.3156,807.8908,1000,300720.2096
11.4,32080.85969,783.6266,27.1032,810.7298,1000,296501.5621,,11.4,32080.85969,783.6266,27.1032,810.7298,1000,296501.5621
11.3,32250.59969,794.855,27.2591,822.1141,1000,299604.5019,,11.3,32250.59969,794.855,27.2591,822.1141,1000,299604.5019
11.2,32622.3303,808.1217,27.5701,835.6918,1000,305336.796,,11.2,32622.3303,808.1217,27.5701,835.6918,1000,305336.796
11.1,32250.59969,808.2548,27.2965,835.5513,1000,299112.0385,,11.1,32250.59969,808.2548,27.2965,835.5513,1000,299112.0385
11,32751.3327,826.064,27.9634,854.0274,1000,307675.8906,,11,32751.3327,826.064,27.9634,854.0274,1000,307675.8906
10.9,32634.21207,829.731,27.7572,857.4882,1000,305019.6242,,10.9,32634.21207,829.731,27.7572,857.4882,1000,305019.6242
10.8,32595.17193,843.108,27.6333,870.7413,1000,306525.1937,,10.8,32595.17193,843.108,27.6333,870.7413,1000,306525.1937
10.7,32729.2665,851.6924,27.939,879.6314,1000,308049.6884,,10.7,32729.2665,851.6924,27.939,879.6314,1000,308049.6884
