Cycle_Time,Area,Dynamic_Power,Leakage_Power,Total_Power,Latency,Performance
20,29040.816545,415.4955,23.6353,439.1308,900,0.00
19.9,29040.816545,417.5994,23.6342,441.2336,900,0.00
19.8,29040.816545,419.7699,23.6390,443.4089,900,0.00
19.7,29051.000944,422.1900,23.6648,445.8548,900,0.00
19.6,29061.185342,424.4953,23.6764,448.1717,900,0.00
19.5,29067.974947,426.5959,23.6132,450.2091,900,0.00
19.4,29084.948946,428.9317,23.6359,452.5676,900,0.00
19.3,29071.369749,431.0640,23.6146,454.6786,900,0.00
19.2,29095.133345,433.2643,23.6387,456.9030,900,0.00
19.1,29098.528146,435.7268,23.6460,459.3728,900,0.00
19.0,29098.528146,438.0479,23.6449,461.6928,900,0.00
18.9,29081.554142,439.9483,23.5664,463.5147,900,0.00
18.8,29112.107337,442.8021,23.6119,466.4140,900,0.00
18.7,29101.922939,445.1584,23.6085,468.7669,900,0.00
18.6,29084.948943,447.3024,23.5887,470.8911,900,0.00
18.5,29091.738540,449.8667,23.6126,473.4793,900,0.00
18.4,29122.291737,452.5230,23.6290,476.1520,900,0.00
18.3,29118.896938,454.8883,23.5759,478.4642,900,0.00
18.2,29125.686539,457.3854,23.5859,480.9713,900,0.00
18.1,29125.686539,459.9080,23.5860,483.4940,900,0.00
18.0,29132.476141,462.5918,23.5873,486.1791,900,0.00
17.9,29203.766931,465.9659,23.6172,489.5831,900,0.00
17.8,29190.187731,468.4851,23.6286,492.1137,900,0.00
17.7,29146.055338,470.0298,23.5819,493.6117,900,0.00
17.6,29146.055338,472.7596,23.5931,496.3527,900,0.00
17.5,29139.265740,475.4797,23.5927,499.0724,900,0.00
17.4,29146.055341,478.2330,23.6001,501.8331,900,0.00
17.3,29139.265740,480.8257,23.5869,504.4126,900,0.00
17.2,29139.265740,483.7307,23.5907,507.3214,900,0.00
17.1,29207.161732,486.9604,23.6033,510.5637,900,0.00
17.0,29227.530542,490.9361,23.6425,514.5786,900,0.00
16.9,29244.504530,493.2656,23.6302,516.8958,900,0.00
16.8,29319.190128,497.7372,23.7207,521.4579,900,0.00
16.7,29193.582535,498.6372,23.6309,522.2681,900,0.00
16.6,29217.346135,501.9406,23.6534,525.5940,900,0.00
16.5,29196.977334,504.2635,23.5517,527.8152,900,0.00
16.4,29207.161737,507.4309,23.5798,531.0107,900,0.00
16.3,29268.268129,511.4755,23.6057,535.0812,900,0.00
16.2,29305.610924,515.1729,23.6444,538.8173,900,0.00
16.1,29312.400527,518.5609,23.6425,542.2034,900,0.00
16.0,29309.005723,521.6605,23.6238,545.2843,900,0.00
15.9,29241.109736,523.3881,23.6122,547.0003,900,0.00
15.8,29271.662934,527.7882,23.6905,551.4787,900,0.00
15.7,29275.057737,530.8142,23.6725,554.4867,900,0.00
15.6,29336.164129,535.1937,23.7255,558.9192,900,0.00
15.5,29336.164141,539.0930,23.7007,562.7937,900,0.00
15.4,29298.821333,541.6042,23.6562,565.2604,900,0.00
15.3,29302.216134,544.4487,23.6028,568.0515,900,0.00
15.2,29322.584926,548.6659,23.6291,572.2950,900,0.00
15.1,29370.112126,552.7679,23.6579,576.4258,900,0.00
15.0,29310.703132,555.7973,23.6472,579.4445,900,0.00
14.9,29346.348528,559.8994,23.6635,583.5629,900,0.00
14.8,29351.440730,563.6273,23.6692,587.2965,900,0.00
14.7,29327.677135,566.7092,23.6634,590.3726,900,0.00
14.6,29342.953735,570.4592,23.6724,594.1316,900,0.00
14.5,29421.034138,576.4567,23.7834,600.2401,900,0.00
14.4,29409.152332,579.3385,23.7891,603.1276,900,0.00
14.3,29426.126329,583.7916,23.8136,607.6052,900,0.00
14.2,29434.613331,587.6693,23.8001,611.4694,900,0.00
14.1,29488.930126,591.7651,23.7920,615.5571,900,0.00
14.0,29412.547145,596.8835,23.7569,620.6404,900,0.00
13.9,29509.298984,599.9745,23.7831,623.7576,900,0.00
13.8,29550.036527,605.4780,23.8347,629.3127,900,0.00
13.7,29575.497541,611.4609,23.9083,635.3692,900,0.00
13.6,29619.629933,615.9764,23.9514,639.9278,900,0.00
13.5,30089.809649,630.5002,24.5783,655.0785,900,0.00
13.4,29680.736334,625.4714,23.9923,649.4637,900,0.00
13.3,29587.379329,629.3428,23.9589,653.3017,900,0.00
13.2,29634.906530,634.1750,23.9509,658.1259,900,0.00
13.1,29631.511724,638.4290,23.9534,662.3824,900,0.00
13.0,29794.462117,645.2110,24.1217,669.3327,900,0.00
12.9,29784.277721,649.6355,24.1257,673.7612,900,0.00
12.8,29796.159522,655.3347,24.0741,679.4088,900,0.00
12.7,29767.303713,659.3146,24.0235,683.3381,900,0.00
12.6,29787.672517,664.9044,24.0874,688.9918,900,0.00
12.5,29909.885324,671.9246,24.1982,696.1228,900,0.00
12.4,30239.180935,680.5421,24.3848,704.9269,900,0.00
12.3,30259.549708,684.7516,24.3693,709.1209,900,0.00
12.2,30621.096142,692.3839,24.3330,716.7169,900,168109817.82
12.1,30398.736509,695.9587,24.4195,720.3782,900,0.00
12.0,30354.604179,700.7709,24.3906,725.1615,900,163914862.57
11.9,30356.301524,706.2972,24.4636,730.7608,900,0.00
11.8,30400.433925,713.5974,24.5232,738.1206,900,0.00
11.7,30390.249513,722.2768,24.2873,746.5641,900,160004663.69
11.6,30420.802701,724.2163,24.5269,748.7432,900,0.00
11.5,30743.308691,736.0129,24.5752,760.5881,900,159096622.48
11.4,30510.764875,738.2770,24.4292,762.7062,900,156520223.81
11.3,30639.767277,747.7035,24.5872,772.2907,900,155803216.60
11.2,31026.774496,763.0366,24.8610,787.8976,900,156374943.46
11.1,30665.228277,761.7462,24.6008,786.3470,900,153172815.24
11.0,31461.309114,772.0599,25.3685,797.4284,900,155733480.11
10.9,31021.682258,783.4020,25.0770,808.4790,900,152161351.48
10.8,31013.195314,796.3918,24.9615,821.3533,900,150724129.23
10.7,31164.263893,809.5361,25.2187,834.7548,900,150055930.64
10.6,31281.384473,816.2861,25.3565,841.6426,900,149212203.94
10.5,31520.717911,825.7667,25.5948,851.3615,900,148935392.13
10.4,31634.443657,835.1115,25.7695,860.8810,900,148049196.31
10.3,31839.829114,849.8967,26.0197,875.9164,900,147577607.94
10.2,31727.800653,858.5992,25.8030,884.4022,900,145630605.00
10.1,32301.521919,874.6241,26.3613,900.9854,900,146810417.12
10.0,32257.389476,878.2642,26.3086,904.5728,900,145158252.64
9.9,32591.777344,907.4269,26.7558,934.1827,900,145196368.07
9.8,32651.186436,921.7587,26.6842,948.4429,900,143991732.18
9.7,34029.475281,899.3094,27.5510,926.8604,900,0.00
9.6,33914.051827,912.0922,27.7144,939.8066,900,146508703.89
9.5,34389.323816,930.6003,28.4053,959.0056,900,147014359.31
9.4,35012.269794,931.7121,28.9437,960.6558,900,148101901.23
9.3,35601.267605,968.6734,29.6311,998.3045,900,148991304.93
9.2,35945.839774,975.0435,30.5475,1005.5910,900,0.00
9.1,36448.269792,995.8596,32.4083,1028.2679,900,149255664.80
9.0,37352.984368,1.0291,32.6881,33.7172,900,151279586.69
8.9,36770.775980,1.0313,31.9425,32.9738,900,147266957.80
8.8,38875.552192,1.0785,34.6900,35.7685,900,153947186.68
8.7,37690.766598,1.0747,32.3816,33.4563,900,147559351.23
8.6,38693.930255,1.0946,35.3730,36.4676,900,149745510.09
8.5,39001.159625,1.1112,33.4216,34.5328,900,149179435.57
8.4,39467.944391,1.1425,36.3633,37.5058,900,149188829.80
8.3,41284.162374,1.1987,36.4768,37.6755,900,154196346.47
8.2,41633.826810,1.2141,36.8722,38.0863,900,153628820.93
8.1,42458.763202,1.2555,37.7649,39.0204,900,154762191.87
8.0,43558.678589,1.2701,38.5225,39.7926,900,156811242.92
7.9,43253.146387,1.2923,38.8335,40.1258,900,153764935.41
7.8,45198.366728,1.3540,40.2465,41.6005,900,0.00
7.7,46844.844689,1.4306,41.9642,43.3948,900,162317386.85
7.6,46719.237129,1.4785,41.3465,42.8250,900,159779790.98
7.5,48774.788506,1.4971,43.0887,44.5858,900,164614911.21
7.4,50475.583224,1.5898,45.1705,46.7603,900,168083692.14
7.3,50886.354026,1.5919,45.3076,46.8995,900,167161672.98
7.2,54058.794665,1.6880,49.3157,51.0037,900,0.00
7.1,52933.418479,1.6859,46.4081,48.0940,900,169122272.04
7.0,54644.397617,1.7596,47.7504,49.5100,900,172129852.49
